week,strategy_return,benchmark_return,buy_list,excess_return,cumulative_strategy,cumulative_benchmark
2024-03-03,0.016796588685552744,0.003925410317436864,"['HDFCLIFE', 'HINDALCO', 'LT']",0.01287117836811588,1.0167965886855528,1.0039254103174369
2024-03-10,-0.019123175589344125,-0.013849712230297621,"['BHARTIARTL', 'COALINDIA', 'HDFCLIFE', 'HINDALCO', 'ITC', 'LT', 'TATAMOTORS']",-0.005273463359046503,0.9973522089814728,0.9900213322838569
2024-03-17,0.019546489736649637,0.0018612323664217317,"['BAJFINANCE', 'BHARTIARTL', 'COALINDIA', 'HDFCBANK', 'HDFCLIFE', 'HINDALCO', 'ITC', 'LT', 'MARUTI', 'TATAMOTORS']",0.017685257370227907,1.0168469436981542,0.9918639920309517
2024-03-24,0.015300143486735463,0.014642380187612625,"['BAJAJ-AUTO', 'BAJFINANCE', 'BHARTIARTL', 'COALINDIA', 'HDFCBANK', 'HDFCLIFE', 'HINDALCO', 'ITC', 'JSWSTEEL', 'KOTAKBANK', 'LT', 'MARUTI', 'SBIN', 'TATAMOTORS']",0.0006577632991228381,1.0324048478407843,1.006387241696672
2024-03-31,0.003652849789854344,0.0023016302533167125,"['ADANIPORTS', 'BAJAJ-AUTO', 'BAJFINANCE', 'BHARTIARTL', 'COALINDIA', 'EICHERMOT', 'HDFCBANK', 'HINDALCO', 'INDUSINDBK', 'ITC', 'JSWSTEEL', 'KOTAKBANK', 'LT', 'MARUTI', 'NTPC', 'SBIN', 'TATAMOTORS', 'TATASTEEL', 'TITAN']",0.0013512195365376315,1.036176067672264,1.008703573018713
2024-04-07,-0.0024895478782814727,-0.006481004202790727,"['ADANIPORTS', 'BAJAJ-AUTO', 'BAJFINANCE', 'BHARTIARTL', 'COALINDIA', 'DIVISLAB', 'EICHERMOT', 'HDFCBANK', 'HINDALCO', 'INDUSINDBK', 'ITC', 'JSWSTEEL', 'KOTAKBANK', 'LT', 'M&M', 'MARUTI', 'NTPC', 'SBIN', 'TATAMOTORS', 'TATASTEEL', 'TITAN']",0.0039914563245092545,1.0335964577414645,1.0021661609226087
2024-04-14,-0.004354438122355287,-0.005634751375014031,"['ADANIPORTS', 'BAJAJ-AUTO', 'BAJFINANCE', 'BHARTIARTL', 'COALINDIA', 'DIVISLAB', 'DRREDDY', 'EICHERMOT', 'HDFCBANK', 'HINDALCO', 'INDUSINDBK', 'ITC', 'JSWSTEEL', 'KOTAKBANK', 'LT', 'M&M', 'NTPC', 'SBIN', 'TATAMOTORS', 'TATASTEEL', 'TITAN']",0.0012803132526587437,1.0290957259227438,0.9965192037693575
2024-04-21,0.00908785833189245,0.003740478620721134,"['ADANIPORTS', 'BAJAJ-AUTO', 'BAJFINANCE', 'BHARTIARTL', 'COALINDIA', 'DIVISLAB', 'DRREDDY', 'EICHERMOT', 'HDFCBANK', 'HINDALCO', 'INDUSINDBK', 'ITC', 'JSWSTEEL', 'KOTAKBANK', 'LT', 'M&M', 'NTPC', 'POWERGRID', 'SBIN', 'TATACONSUM', 'TATAMOTORS', 'TATASTEEL', 'TITAN']",0.005347379711171316,1.0384480020898859,1.0002466625461948
2024-04-28,0.001766166756624415,-0.007399541515830401,"['ADANIPORTS', 'AXISBANK', 'BAJAJ-AUTO', 'BAJFINANCE', 'BHARTIARTL', 'BPCL', 'CIPLA', 'COALINDIA', 'DIVISLAB', 'DRREDDY', 'EICHERMOT', 'HDFCBANK', 'HEROMOTOCO', 'HINDALCO', 'ICICIBANK', 'INDUSINDBK', 'ITC', 'JSWSTEEL', 'LT', 'NTPC', 'ONGC', 'POWERGRID', 'SBIN', 'TATAMOTORS', 'TATASTEEL', 'TECHM', 'TITAN']",0.009165708272454815,1.0402820744296601,0.9928452958406133
2024-05-05,-0.01607680210474946,-0.017266194062622326,"['ADANIPORTS', 'AXISBANK', 'BAJAJ-AUTO', 'BAJAJFINSV', 'BAJFINANCE', 'BHARTIARTL', 'BPCL', 'CIPLA', 'COALINDIA', 'DIVISLAB', 'DRREDDY', 'EICHERMOT', 'HDFCBANK', 'HEROMOTOCO', 'HINDALCO', 'ICICIBANK', 'INDUSINDBK', 'ITC', 'JSWSTEEL', 'LT', 'NTPC', 'ONGC', 'POWERGRID', 'SBIN', 'TATAMOTORS', 'TATASTEEL', 'TECHM', 'TITAN']",0.0011893919578728658,1.0235576653859362,0.9757026362884677
2024-05-12,0.018858941881527275,0.016379297700135208,"['ADANIPORTS', 'AXISBANK', 'BAJAJ-AUTO', 'BAJAJFINSV', 'BAJFINANCE', 'BHARTIARTL', 'BPCL', 'CIPLA', 'COALINDIA', 'DIVISLAB', 'EICHERMOT', 'HDFCBANK', 'HEROMOTOCO', 'HINDALCO', 'ICICIBANK', 'INDUSINDBK', 'ITC', 'JSWSTEEL', 'NTPC', 'ONGC', 'POWERGRID', 'SBIN', 'TATAMOTORS', 'TATASTEEL', 'TECHM', 'TITAN']",0.0024796441813920676,1.0428608799098413,0.9916839602350431
2024-05-19,0.013786208777964238,0.018999860770043956,"['ADANIPORTS', 'AXISBANK', 'BAJAJFINSV', 'BAJFINANCE', 'BHARTIARTL', 'BPCL', 'CIPLA', 'COALINDIA', 'DIVISLAB', 'EICHERMOT', 'HDFCBANK', 'HEROMOTOCO', 'HINDALCO', 'ICICIBANK', 'INDUSINDBK', 'ITC', 'JSWSTEEL', 'KOTAKBANK', 'LT', 'M&M', 'NTPC', 'ONGC', 'POWERGRID', 'SBIN', 'SHRIRAMFIN', 'TATASTEEL', 'TECHM', 'TITAN', 'WIPRO']",-0.005213651992079718,1.05723797772665,1.0105258174073948
2024-05-26,-0.020360392779451744,-0.017518843982505004,"['ADANIPORTS', 'AXISBANK', 'BAJAJFINSV', 'BAJFINANCE', 'BHARTIARTL', 'BPCL', 'CIPLA', 'COALINDIA', 'DIVISLAB', 'EICHERMOT', 'HCLTECH', 'HDFCBANK', 'HEROMOTOCO', 'HINDALCO', 'ICICIBANK', 'INDUSINDBK', 'ITC', 'JSWSTEEL', 'KOTAKBANK', 'LT', 'LTIM', 'M&M', 'MARUTI', 'NTPC', 'ONGC', 'POWERGRID', 'SBIN', 'SHRIRAMFIN', 'TATAMOTORS', 'TATASTEEL', 'TECHM', 'TITAN', 'WIPRO']",-0.0028415487969467405,1.0357121972387822,0.9928225732719412
2024-06-02,0.003353410365166266,0.001128357651091833,"['ADANIPORTS', 'AXISBANK', 'BAJFINANCE', 'BHARTIARTL', 'CIPLA', 'COALINDIA', 'DIVISLAB', 'EICHERMOT', 'HCLTECH', 'HDFCBANK', 'HEROMOTOCO', 'HINDALCO', 'INDUSINDBK', 'ITC', 'JSWSTEEL', 'KOTAKBANK', 'LT', 'LTIM', 'M&M', 'MARUTI', 'NTPC', 'ONGC', 'POWERGRID', 'RELIANCE', 'SBIN', 'SHRIRAMFIN', 'TATAMOTORS', 'TECHM', 'TITAN', 'WIPRO']",0.002225052714074433,1.0391853652563319,0.9939428322186693
2024-06-09,0.015310642323054508,0.008873925051495922,"['ADANIPORTS', 'AXISBANK', 'BAJFINANCE', 'BHARTIARTL', 'CIPLA', 'COALINDIA', 'DIVISLAB', 'DRREDDY', 'EICHERMOT', 'HCLTECH', 'HDFCBANK', 'HEROMOTOCO', 'INDUSINDBK', 'INFY', 'ITC', 'KOTAKBANK', 'LTIM', 'M&M', 'MARUTI', 'NTPC', 'ONGC', 'POWERGRID', 'RELIANCE', 'SBIN', 'SHRIRAMFIN', 'TATACONSUM', 'TATAMOTORS', 'TCS', 'TECHM', 'TITAN', 'WIPRO']",0.006436717271558586,1.0550959606911243,1.0027630064172495
2024-06-16,-0.008729237791240099,-0.0024111139069339215,"['ADANIPORTS', 'AXISBANK', 'BAJFINANCE', 'BHARTIARTL', 'CIPLA', 'COALINDIA', 'DIVISLAB', 'EICHERMOT', 'HCLTECH', 'HDFCBANK', 'HEROMOTOCO', 'INDUSINDBK', 'INFY', 'ITC', 'KOTAKBANK', 'LTIM', 'M&M', 'MARUTI', 'NTPC', 'ONGC', 'POWERGRID', 'RELIANCE', 'SBIN', 'SHRIRAMFIN', 'TATACONSUM', 'TATAMOTORS', 'TATASTEEL', 'TECHM', 'TITAN', 'WIPRO']",-0.006318123884306177,1.0458857771576746,1.0003452305871179
2024-06-23,0.015007667693124862,0.02008467246777319,"['ADANIPORTS', 'AXISBANK', 'BAJFINANCE', 'CIPLA', 'DIVISLAB', 'DRREDDY', 'EICHERMOT', 'HCLTECH', 'HDFCBANK', 'HEROMOTOCO', 'HINDALCO', 'INDUSINDBK', 'INFY', 'ITC', 'KOTAKBANK', 'LTIM', 'M&M', 'NTPC', 'ONGC', 'POWERGRID', 'RELIANCE', 'SBIN', 'SHRIRAMFIN', 'TATAMOTORS', 'TATASTEEL', 'TECHM', 'TITAN', 'WIPRO']",-0.005077004774648328,1.0615820833462226,1.0204368368981593
2024-06-30,0.007264959411696217,0.007534619055686104,"['ADANIPORTS', 'AXISBANK', 'BAJFINANCE', 'CIPLA', 'DIVISLAB', 'DRREDDY', 'HCLTECH', 'HDFCBANK', 'HEROMOTOCO', 'HINDALCO', 'INDUSINDBK', 'INFY', 'ITC', 'KOTAKBANK', 'LTIM', 'M&M', 'NTPC', 'ONGC', 'POWERGRID', 'RELIANCE', 'SBIN', 'SHRIRAMFIN', 'TATAMOTORS', 'TECHM', 'TITAN', 'ULTRACEMCO', 'WIPRO']",-0.0002696596439898877,1.0692944340939168,1.0281254397345763
2024-07-07,0.010106576167813741,0.007466920096028612,"['ADANIPORTS', 'AXISBANK', 'BAJFINANCE', 'CIPLA', 'COALINDIA', 'DIVISLAB', 'DRREDDY', 'EICHERMOT', 'HCLTECH', 'HDFCBANK', 'HEROMOTOCO', 'HINDALCO', 'INDUSINDBK', 'INFY', 'ITC', 'KOTAKBANK', 'LTIM', 'M&M', 'NTPC', 'ONGC', 'POWERGRID', 'RELIANCE', 'SBILIFE', 'SBIN', 'SHRIRAMFIN', 'TATAMOTORS', 'TECHM', 'ULTRACEMCO', 'WIPRO']",0.002639656071785129,1.0801013397379065,1.0358023702417687
2024-07-14,-0.009024629438987295,-0.0022694721088240832,"['ADANIPORTS', 'AXISBANK', 'BAJFINANCE', 'CIPLA', 'COALINDIA', 'DRREDDY', 'EICHERMOT', 'HCLTECH', 'HEROMOTOCO', 'HINDALCO', 'INFY', 'ITC', 'KOTAKBANK', 'LTIM', 'M&M', 'MARUTI', 'NTPC', 'ONGC', 'POWERGRID', 'RELIANCE', 'SBILIFE', 'SBIN', 'SHRIRAMFIN', 'TATAMOTORS', 'TCS', 'TECHM', 'ULTRACEMCO', 'WIPRO']",-0.006755157330163212,1.070353825390218,1.0334516456522511
2024-07-21,0.02642131820291632,0.013284764298173138,"['ADANIPORTS', 'AXISBANK', 'BAJFINANCE', 'BRITANNIA', 'CIPLA', 'COALINDIA', 'DRREDDY', 'EICHERMOT', 'HCLTECH', 'HEROMOTOCO', 'HINDALCO', 'INFY', 'ITC', 'KOTAKBANK', 'LTIM', 'M&M', 'MARUTI', 'NTPC', 'ONGC', 'POWERGRID', 'RELIANCE', 'SBILIFE', 'SBIN', 'SHRIRAMFIN', 'TATAMOTORS', 'TCS', 'TECHM', 'WIPRO']",0.01313655390474318,1.0986339844005617,1.0471808071783004
2024-07-28,-0.009790460261443453,-0.004767269921091267,"['ADANIPORTS', 'BAJFINANCE', 'BRITANNIA', 'CIPLA', 'COALINDIA', 'DRREDDY', 'EICHERMOT', 'HCLTECH', 'HEROMOTOCO', 'HINDALCO', 'INFY', 'ITC', 'KOTAKBANK', 'LTIM', 'M&M', 'MARUTI', 'NTPC', 'ONGC', 'POWERGRID', 'RELIANCE', 'SBILIFE', 'SBIN', 'SHRIRAMFIN', 'SUNPHARMA', 'TATAMOTORS', 'TCS', 'TECHM', 'WIPRO']",-0.005023190340352186,1.0878778520344168,1.0421886136142953
2024-08-04,0.01846279766958234,0.012965812355117746,"['ADANIPORTS', 'BAJFINANCE', 'BHARTIARTL', 'BRITANNIA', 'CIPLA', 'COALINDIA', 'DRREDDY', 'EICHERMOT', 'HCLTECH', 'HDFCBANK', 'HEROMOTOCO', 'HINDALCO', 'INFY', 'ITC', 'KOTAKBANK', 'LTIM', 'M&M', 'MARUTI', 'NTPC', 'ONGC', 'POWERGRID', 'RELIANCE', 'SBILIFE', 'SBIN', 'SHRIRAMFIN', 'SUNPHARMA', 'TATAMOTORS', 'TCS', 'TECHM', 'WIPRO']",0.005496985314464594,1.107963120705748,1.0557014356170584
2024-08-11,0.006975109851175207,0.00797430445742802,"['ADANIPORTS', 'BAJFINANCE', 'BHARTIARTL', 'BRITANNIA', 'CIPLA', 'COALINDIA', 'DRREDDY', 'EICHERMOT', 'HCLTECH', 'HDFCBANK', 'HEROMOTOCO', 'HINDALCO', 'ITC', 'JSWSTEEL', 'KOTAKBANK', 'LTIM', 'M&M', 'MARUTI', 'NTPC', 'ONGC', 'POWERGRID', 'RELIANCE', 'SBILIFE', 'SBIN', 'SHRIRAMFIN', 'SUNPHARMA', 'TATAMOTORS', 'TCS', 'TECHM', 'WIPRO']",-0.0009991946062528137,1.1156912851837215,1.0641199202808127
2024-08-18,0.00858158880846261,0.010194260530218229,"['ADANIPORTS', 'BAJFINANCE', 'BHARTIARTL', 'BRITANNIA', 'CIPLA', 'COALINDIA', 'DRREDDY', 'EICHERMOT', 'HCLTECH', 'HDFCBANK', 'HEROMOTOCO', 'HINDALCO', 'ITC', 'JSWSTEEL', 'KOTAKBANK', 'LTIM', 'M&M', 'MARUTI', 'NTPC', 'ONGC', 'POWERGRID', 'RELIANCE', 'SBILIFE', 'SBIN', 'SHRIRAMFIN', 'SUNPHARMA', 'TATAMOTORS', 'TCS', 'TECHM', 'WIPRO']",-0.0016126717217556184,1.1252656890303534,1.0749678359835504
2024-08-25,0.011748298169429199,0.009008211908903935,"['ADANIPORTS', 'BAJFINANCE', 'BHARTIARTL', 'BPCL', 'BRITANNIA', 'CIPLA', 'COALINDIA', 'DRREDDY', 'EICHERMOT', 'HCLTECH', 'HDFCBANK', 'HEROMOTOCO', 'HINDALCO', 'HINDUNILVR', 'ITC', 'JSWSTEEL', 'KOTAKBANK', 'LTIM', 'M&M', 'MARUTI', 'NTPC', 'ONGC', 'POWERGRID', 'RELIANCE', 'SBILIFE', 'SBIN', 'SHRIRAMFIN', 'SUNPHARMA', 'TATAMOTORS', 'TCS', 'TECHM', 'WIPRO']",0.0027400862605252638,1.1384856458649102,1.084651374045346
2024-09-01,-0.02000602973386399,-0.016873844038961285,"['ADANIPORTS', 'BAJFINANCE', 'BHARTIARTL', 'BPCL', 'BRITANNIA', 'CIPLA', 'COALINDIA', 'DRREDDY', 'EICHERMOT', 'HCLTECH', 'HDFCBANK', 'HEROMOTOCO', 'HINDALCO', 'INDUSINDBK', 'ITC', 'JSWSTEEL', 'KOTAKBANK', 'LTIM', 'M&M', 'MARUTI', 'NTPC', 'ONGC', 'POWERGRID', 'RELIANCE', 'SBILIFE', 'SBIN', 'SHRIRAMFIN', 'SUNPHARMA', 'TATAMOTORS', 'TCS', 'TECHM', 'WIPRO']",-0.003132185694902704,1.1157090681821595,1.06634913592306
2024-09-08,0.015959459575773466,0.01684684247903475,"['ADANIPORTS', 'BAJAJFINSV', 'BAJFINANCE', 'BPCL', 'BRITANNIA', 'CIPLA', 'DRREDDY', 'EICHERMOT', 'HCLTECH', 'HDFCBANK', 'HEROMOTOCO', 'HINDALCO', 'INDUSINDBK', 'ITC', 'JSWSTEEL', 'KOTAKBANK', 'LTIM', 'M&M', 'MARUTI', 'NTPC', 'ONGC', 'POWERGRID', 'RELIANCE', 'SBILIFE', 'SHRIRAMFIN', 'SUNPHARMA', 'TATAMOTORS', 'TCS', 'TECHM', 'WIPRO']",-0.0008873829032612843,1.1335151819541367,1.0843137518436103
2024-09-15,0.008567725906108424,0.01604172822179544,"['ADANIPORTS', 'AXISBANK', 'BAJAJFINSV', 'BAJFINANCE', 'BHARTIARTL', 'BPCL', 'BRITANNIA', 'CIPLA', 'DIVISLAB', 'DRREDDY', 'EICHERMOT', 'HCLTECH', 'HDFCBANK', 'HEROMOTOCO', 'HINDALCO', 'INDUSINDBK', 'INFY', 'ITC', 'JSWSTEEL', 'KOTAKBANK', 'LTIM', 'M&M', 'MARUTI', 'NTPC', 'ONGC', 'POWERGRID', 'RELIANCE', 'SHRIRAMFIN', 'SUNPHARMA', 'TCS', 'TECHM', 'TITAN', 'WIPRO']",-0.007474002315687017,1.1432268293435321,1.101708018357841
2024-09-22,0.01258455508967996,0.009248543422930888,"['ADANIPORTS', 'AXISBANK', 'BAJAJFINSV', 'BAJFINANCE', 'BHARTIARTL', 'BRITANNIA', 'CIPLA', 'DIVISLAB', 'DRREDDY', 'EICHERMOT', 'HCLTECH', 'HDFCBANK', 'HEROMOTOCO', 'HINDALCO', 'ICICIBANK', 'INDUSINDBK', 'INFY', 'ITC', 'JSWSTEEL', 'KOTAKBANK', 'LT', 'LTIM', 'M&M', 'MARUTI', 'NESTLEIND', 'NTPC', 'ONGC', 'POWERGRID', 'RELIANCE', 'SBILIFE', 'SHRIRAMFIN', 'SUNPHARMA', 'TATAMOTORS', 'TCS', 'TECHM', 'TITAN', 'WIPRO']",0.0033360116667490725,1.157613830357406,1.1118972128050144
2024-09-29,-0.027253843231371016,-0.030849430067222065,"['ADANIENT', 'ADANIPORTS', 'AXISBANK', 'BAJAJ-AUTO', 'BAJAJFINSV', 'BAJFINANCE', 'BHARTIARTL', 'BPCL', 'BRITANNIA', 'CIPLA', 'DIVISLAB', 'DRREDDY', 'EICHERMOT', 'HCLTECH', 'HDFCBANK', 'HINDALCO', 'ICICIBANK', 'INDUSINDBK', 'INFY', 'ITC', 'JSWSTEEL', 'KOTAKBANK', 'LT', 'LTIM', 'M&M', 'MARUTI', 'NESTLEIND', 'NTPC', 'ONGC', 'POWERGRID', 'RELIANCE', 'SBILIFE', 'SBIN', 'SHRIRAMFIN', 'SUNPHARMA', 'TATAMOTORS', 'TATASTEEL', 'TCS', 'TECHM', 'WIPRO']",0.0035955868358510494,1.1260644045023782,1.077595817496647
2024-10-06,0.01060016225734331,0.006795519393444441,"['ADANIENT', 'ADANIPORTS', 'AXISBANK', 'BAJAJ-AUTO', 'BAJAJFINSV', 'BAJFINANCE', 'BHARTIARTL', 'BRITANNIA', 'CIPLA', 'DIVISLAB', 'DRREDDY', 'HCLTECH', 'HDFCBANK', 'HINDALCO', 'ICICIBANK', 'INFY', 'ITC', 'JSWSTEEL', 'KOTAKBANK', 'LT', 'LTIM', 'MARUTI', 'NTPC', 'ONGC', 'POWERGRID', 'RELIANCE', 'SBILIFE', 'SBIN', 'SHRIRAMFIN', 'SUNPHARMA', 'TATAMOTORS', 'TATASTEEL', 'TCS', 'TECHM', 'WIPRO']",0.0038046428638988687,1.138000869902322,1.0849186407727398
2024-10-13,-0.015126347137416021,-0.01090015086848481,"['ADANIENT', 'ADANIPORTS', 'AXISBANK', 'BAJAJ-AUTO', 'BAJAJFINSV', 'BAJFINANCE', 'BHARTIARTL', 'BRITANNIA', 'CIPLA', 'DIVISLAB', 'DRREDDY', 'HCLTECH', 'HDFCBANK', 'HINDALCO', 'ICICIBANK', 'INFY', 'ITC', 'JSWSTEEL', 'KOTAKBANK', 'LT', 'LTIM', 'MARUTI', 'NTPC', 'ONGC', 'POWERGRID', 'SBILIFE', 'SBIN', 'SHRIRAMFIN', 'SUNPHARMA', 'TATAMOTORS', 'TATASTEEL', 'TCS', 'TECHM', 'WIPRO']",-0.004226196268931212,1.1207870737014982,1.0730928639082855
2024-10-20,-0.026569129832814904,-0.024224059367321193,"['ADANIPORTS', 'AXISBANK', 'BAJAJFINSV', 'BAJFINANCE', 'BHARTIARTL', 'BRITANNIA', 'CIPLA', 'DRREDDY', 'HCLTECH', 'HDFCBANK', 'HINDALCO', 'ICICIBANK', 'INFY', 'ITC', 'JSWSTEEL', 'KOTAKBANK', 'LT', 'MARUTI', 'NTPC', 'ONGC', 'POWERGRID', 'SBIN', 'SHRIRAMFIN', 'SUNPHARMA', 'TATAMOTORS', 'TATASTEEL', 'TCS', 'TECHM', 'WIPRO']",-0.0023450704654937107,1.0910087364253824,1.0470981986663226
2024-10-27,-0.005084950920435592,-0.0014298272820321876,"['ADANIPORTS', 'AXISBANK', 'BAJAJFINSV', 'BAJFINANCE', 'BHARTIARTL', 'BRITANNIA', 'CIPLA', 'DRREDDY', 'HCLTECH', 'HDFCBANK', 'ICICIBANK', 'INFY', 'ITC', 'JSWSTEEL', 'KOTAKBANK', 'LT', 'MARUTI', 'NTPC', 'ONGC', 'POWERGRID', 'SBIN', 'SHRIRAMFIN', 'SUNPHARMA', 'TATAMOTORS', 'TCS', 'TECHM', 'WIPRO']",-0.0036551236384034045,1.085461010546893,1.0456010290949027
2024-11-03,0.011473020618835001,0.0063699680089379295,"['ADANIENT', 'ADANIPORTS', 'AXISBANK', 'BAJAJFINSV', 'BAJFINANCE', 'BHARTIARTL', 'CIPLA', 'DRREDDY', 'EICHERMOT', 'HCLTECH', 'HDFCBANK', 'ICICIBANK', 'INFY', 'ITC', 'JSWSTEEL', 'KOTAKBANK', 'LT', 'M&M', 'MARUTI', 'NTPC', 'ONGC', 'POWERGRID', 'SBIN', 'SHRIRAMFIN', 'TATAMOTORS', 'TCS', 'TECHM', 'WIPRO']",0.0051030526098970715,1.097914527101839,1.0522614742003498
2024-11-10,-0.030271360176430766,-0.02520997389555276,"['ADANIENT', 'ADANIPORTS', 'APOLLOHOSP', 'AXISBANK', 'BAJAJFINSV', 'BAJFINANCE', 'BHARTIARTL', 'CIPLA', 'DRREDDY', 'EICHERMOT', 'HCLTECH', 'HDFCBANK', 'INFY', 'ITC', 'JSWSTEEL', 'KOTAKBANK', 'LT', 'M&M', 'MARUTI', 'NTPC', 'ONGC', 'POWERGRID', 'SBIN', 'SHRIRAMFIN', 'TATAMOTORS', 'TCS', 'TECHM', 'WIPRO']",-0.005061386280878006,1.0646791610090036,1.025733989904463
2024-11-17,0.01958788175349922,0.019333720064361903,"['ADANIPORTS', 'APOLLOHOSP', 'AXISBANK', 'BAJAJFINSV', 'BAJFINANCE', 'BHARTIARTL', 'CIPLA', 'DRREDDY', 'EICHERMOT', 'HCLTECH', 'HDFCBANK', 'INFY', 'ITC', 'JSWSTEEL', 'KOTAKBANK', 'LT', 'M&M', 'MARUTI', 'NTPC', 'ONGC', 'POWERGRID', 'SBIN', 'TCS', 'TECHM', 'TITAN', 'WIPRO']",0.00025416168913731593,1.0855339705202627,1.045565243725777
2024-11-24,-0.010173554770921607,-0.0037487059143032444,"['APOLLOHOSP', 'AXISBANK', 'BAJAJFINSV', 'BAJFINANCE', 'BHARTIARTL', 'CIPLA', 'DIVISLAB', 'DRREDDY', 'EICHERMOT', 'HCLTECH', 'HDFCBANK', 'HEROMOTOCO', 'HINDALCO', 'INFY', 'ITC', 'JSWSTEEL', 'KOTAKBANK', 'LT', 'M&M', 'NTPC', 'ONGC', 'POWERGRID', 'SBIN', 'TATAMOTORS', 'TCS', 'TECHM', 'TITAN', 'WIPRO']",-0.006424848856618363,1.0744902312154787,1.0416457271128323
2024-12-01,0.016780869443854898,0.01654923214735974,"['APOLLOHOSP', 'AXISBANK', 'BAJAJFINSV', 'BAJFINANCE', 'BHARTIARTL', 'CIPLA', 'DIVISLAB', 'DRREDDY', 'EICHERMOT', 'HCLTECH', 'HDFCBANK', 'HEROMOTOCO', 'HINDALCO', 'INFY', 'ITC', 'JSWSTEEL', 'KOTAKBANK', 'LT', 'LTIM', 'M&M', 'MARUTI', 'NTPC', 'ONGC', 'POWERGRID', 'SBIN', 'TATAMOTORS', 'TCS', 'TECHM', 'TITAN', 'WIPRO']",0.0002316372964951581,1.092521111504203,1.058884164066128
2024-12-08,0.0074375482604639226,0.006064453521670255,"['APOLLOHOSP', 'AXISBANK', 'BAJAJFINSV', 'BAJFINANCE', 'BHARTIARTL', 'CIPLA', 'DRREDDY', 'EICHERMOT', 'HCLTECH', 'HDFCBANK', 'HINDALCO', 'INFY', 'ITC', 'JSWSTEEL', 'KOTAKBANK', 'LT', 'LTIM', 'M&M', 'MARUTI', 'NTPC', 'ONGC', 'POWERGRID', 'SBIN', 'TATAMOTORS', 'TCS', 'TECHM', 'TITAN', 'WIPRO']",0.0013730947387936678,1.100646789996591,1.0653057178639396
2024-12-15,-0.041083058593287154,-0.043811376972424064,"['APOLLOHOSP', 'AXISBANK', 'BAJAJFINSV', 'BAJFINANCE', 'BHARTIARTL', 'CIPLA', 'DRREDDY', 'EICHERMOT', 'HCLTECH', 'HDFCBANK', 'HINDALCO', 'INFY', 'ITC', 'JSWSTEEL', 'KOTAKBANK', 'LT', 'LTIM', 'M&M', 'MARUTI', 'NTPC', 'ONGC', 'POWERGRID', 'SBIN', 'TCS', 'TECHM', 'TITAN', 'WIPRO']",0.0027283183791369098,1.0554288534326477,1.0186332074677236
2024-12-22,0.0022156499749101015,0.00252389332272961,"['APOLLOHOSP', 'AXISBANK', 'BAJAJFINSV', 'BAJFINANCE', 'BHARTIARTL', 'CIPLA', 'DRREDDY', 'EICHERMOT', 'HCLTECH', 'HDFCBANK', 'HINDALCO', 'INFY', 'ITC', 'KOTAKBANK', 'LT', 'M&M', 'MARUTI', 'NTPC', 'ONGC', 'POWERGRID', 'SBIN', 'TCS', 'TECHM', 'TITAN', 'WIPRO']",-0.0003082433478195086,1.0577673143452753,1.021204129018362
2024-12-29,0.022997988264853633,0.015218909931110443,"['ADANIENT', 'APOLLOHOSP', 'AXISBANK', 'BAJAJ-AUTO', 'BAJAJFINSV', 'BAJFINANCE', 'BHARTIARTL', 'BPCL', 'CIPLA', 'DRREDDY', 'EICHERMOT', 'HCLTECH', 'HDFCBANK', 'HINDALCO', 'INFY', 'ITC', 'KOTAKBANK', 'LT', 'M&M', 'NTPC', 'ONGC', 'POWERGRID', 'SBIN', 'TATAMOTORS', 'TCS', 'TECHM', 'TITAN', 'WIPRO']",0.007779078333743189,1.0820938346275337,1.0367457426791704
2025-01-05,-0.006288713517380935,-0.007814633486328899,"['APOLLOHOSP', 'AXISBANK', 'BAJAJ-AUTO', 'BAJAJFINSV', 'BAJFINANCE', 'BHARTIARTL', 'BPCL', 'CIPLA', 'COALINDIA', 'DRREDDY', 'EICHERMOT', 'HCLTECH', 'HDFCBANK', 'HINDALCO', 'INDUSINDBK', 'INFY', 'ITC', 'JSWSTEEL', 'KOTAKBANK', 'LT', 'M&M', 'MARUTI', 'NTPC', 'ONGC', 'POWERGRID', 'RELIANCE', 'SBILIFE', 'SBIN', 'TATAMOTORS', 'TCS', 'TECHM', 'TITAN', 'WIPRO']",0.0015259199689479632,1.075288856502637,1.0286439546816208
2025-01-12,0.007785611281026314,0.005078846829688581,"['AXISBANK', 'BAJAJ-AUTO', 'BAJAJFINSV', 'BAJFINANCE', 'BHARTIARTL', 'BPCL', 'CIPLA', 'COALINDIA', 'DRREDDY', 'HCLTECH', 'HDFCBANK', 'HINDALCO', 'INFY', 'ITC', 'JSWSTEEL', 'KOTAKBANK', 'LT', 'LTIM', 'M&M', 'MARUTI', 'ONGC', 'POWERGRID', 'RELIANCE', 'SBILIFE', 'SBIN', 'TATACONSUM', 'TATAMOTORS', 'TCS', 'TECHM', 'TITAN', 'WIPRO']",0.002706764451337733,1.083660637554186,1.0338682797697338
2025-01-19,-0.013736505561130968,-0.010818311665363733,"['BAJAJ-AUTO', 'BAJAJFINSV', 'BAJFINANCE', 'BHARTIARTL', 'BPCL', 'CIPLA', 'COALINDIA', 'DRREDDY', 'HDFCBANK', 'HDFCLIFE', 'HINDALCO', 'ITC', 'JSWSTEEL', 'KOTAKBANK', 'LT', 'MARUTI', 'NTPC', 'ONGC', 'POWERGRID', 'RELIANCE', 'SBILIFE', 'SBIN', 'TATACONSUM', 'TATAMOTORS', 'TCS', 'TECHM', 'TITAN', 'WIPRO']",-0.002918193895767234,1.0687749271800442,1.0226835704982513
2025-01-26,0.027501199839083362,0.028603780203233512,"['BAJAJ-AUTO', 'BAJAJFINSV', 'BAJFINANCE', 'BHARTIARTL', 'BPCL', 'CIPLA', 'COALINDIA', 'DRREDDY', 'HDFCBANK', 'HDFCLIFE', 'HINDALCO', 'ICICIBANK', 'ITC', 'JSWSTEEL', 'KOTAKBANK', 'MARUTI', 'NTPC', 'ONGC', 'POWERGRID', 'RELIANCE', 'SBILIFE', 'SBIN', 'SHRIRAMFIN', 'TATACONSUM', 'TATAMOTORS', 'TCS', 'TECHM', 'TITAN', 'WIPRO']",-0.0011025803641501498,1.0981675200354242,1.0519361865662413
2025-02-02,0.008128710640541886,0.008514104924579826,"['APOLLOHOSP', 'BAJAJ-AUTO', 'BAJAJFINSV', 'BAJFINANCE', 'BHARTIARTL', 'CIPLA', 'COALINDIA', 'DRREDDY', 'HDFCBANK', 'HDFCLIFE', 'HEROMOTOCO', 'HINDALCO', 'ICICIBANK', 'INDUSINDBK', 'ITC', 'KOTAKBANK', 'MARUTI', 'NTPC', 'ONGC', 'POWERGRID', 'RELIANCE', 'SBILIFE', 'SBIN', 'SHRIRAMFIN', 'TATACONSUM', 'TCS', 'TECHM', 'TITAN', 'WIPRO']",-0.0003853942840379397,1.1070942060406337,1.0608924816326286
2025-02-09,-0.024012267624453895,-0.019346392758929444,"['ADANIPORTS', 'APOLLOHOSP', 'BAJAJ-AUTO', 'BAJAJFINSV', 'BAJFINANCE', 'BHARTIARTL', 'BPCL', 'CIPLA', 'COALINDIA', 'DRREDDY', 'HDFCBANK', 'HDFCLIFE', 'HEROMOTOCO', 'HINDALCO', 'ICICIBANK', 'INDUSINDBK', 'ITC', 'KOTAKBANK', 'MARUTI', 'NTPC', 'ONGC', 'POWERGRID', 'RELIANCE', 'SBILIFE', 'SBIN', 'SHRIRAMFIN', 'TATACONSUM', 'TCS', 'TECHM', 'TITAN', 'WIPRO']",-0.004665874865524451,1.0805103636797038,1.0403680390079684
2025-02-16,0.0022590950085137193,-0.0071255737004290165,"['ADANIPORTS', 'APOLLOHOSP', 'AXISBANK', 'BAJAJFINSV', 'BAJFINANCE', 'BHARTIARTL', 'BPCL', 'CIPLA', 'COALINDIA', 'DRREDDY', 'HDFCBANK', 'HDFCLIFE', 'HEROMOTOCO', 'HINDALCO', 'ICICIBANK', 'INDUSINDBK', 'ITC', 'KOTAKBANK', 'MARUTI', 'NTPC', 'ONGC', 'POWERGRID', 'RELIANCE', 'SBILIFE', 'SBIN', 'SHRIRAMFIN', 'TATACONSUM', 'TCS', 'TECHM', 'WIPRO']",0.009384668708942737,1.08295133924894,1.0329548198704464
2025-02-23,-0.02297502519801428,-0.019006063314285615,"['APOLLOHOSP', 'AXISBANK', 'BAJAJFINSV', 'BAJFINANCE', 'BHARTIARTL', 'BPCL', 'CIPLA', 'COALINDIA', 'DRREDDY', 'EICHERMOT', 'HDFCBANK', 'HDFCLIFE', 'HEROMOTOCO', 'HINDALCO', 'ICICIBANK', 'INDUSINDBK', 'ITC', 'JSWSTEEL', 'KOTAKBANK', 'MARUTI', 'NTPC', 'ONGC', 'POWERGRID', 'RELIANCE', 'SBILIFE', 'SBIN', 'SHRIRAMFIN', 'TATACONSUM', 'TATASTEEL', 'TCS', 'TECHM', 'WIPRO']",-0.003968961883728667,1.0580705049414723,1.013322415163192
2025-03-02,0.024630216909802185,0.01958467055691076,"['ADANIPORTS', 'APOLLOHOSP', 'AXISBANK', 'BAJAJFINSV', 'BAJFINANCE', 'BHARTIARTL', 'CIPLA', 'COALINDIA', 'DRREDDY', 'EICHERMOT', 'HDFCBANK', 'HDFCLIFE', 'HEROMOTOCO', 'HINDALCO', 'ICICIBANK', 'INDUSINDBK', 'ITC', 'JSWSTEEL', 'KOTAKBANK', 'MARUTI', 'NTPC', 'ONGC', 'POWERGRID', 'RELIANCE', 'SBILIFE', 'SHRIRAMFIN', 'TATACONSUM', 'TATASTEEL']",0.005045546352891426,1.0841310109840447,1.0331680008320963
2025-03-09,-0.004148227643385289,-0.0028094709467416205,"['ADANIPORTS', 'APOLLOHOSP', 'AXISBANK', 'BAJAJFINSV', 'BAJFINANCE', 'BHARTIARTL', 'BPCL', 'CIPLA', 'COALINDIA', 'DRREDDY', 'EICHERMOT', 'HDFCBANK', 'HDFCLIFE', 'HEROMOTOCO', 'HINDALCO', 'ICICIBANK', 'INFY', 'ITC', 'JSWSTEEL', 'KOTAKBANK', 'M&M', 'MARUTI', 'NTPC', 'ONGC', 'POWERGRID', 'RELIANCE', 'SBILIFE', 'SBIN', 'SHRIRAMFIN', 'TATACONSUM', 'TATAMOTORS', 'TATASTEEL', 'TCS', 'ULTRACEMCO']",-0.001338756696643668,1.0796337887552294,1.0302653453506554
2025-03-16,0.04313965046810595,0.03739214263897373,"['ADANIPORTS', 'APOLLOHOSP', 'AXISBANK', 'BAJAJFINSV', 'BAJFINANCE', 'BHARTIARTL', 'BPCL', 'CIPLA', 'COALINDIA', 'DIVISLAB', 'EICHERMOT', 'HDFCBANK', 'HDFCLIFE', 'HEROMOTOCO', 'HINDALCO', 'ICICIBANK', 'ITC', 'JSWSTEEL', 'KOTAKBANK', 'MARUTI', 'NTPC', 'ONGC', 'POWERGRID', 'RELIANCE', 'SBILIFE', 'SBIN', 'SHRIRAMFIN', 'TATACONSUM', 'TATAMOTORS', 'TATASTEEL', 'TCS', 'ULTRACEMCO']",0.00574750782913222,1.1262088130356869,1.0687891740999986
2025-03-23,-0.009391292157313293,-0.005875304165127352,"['ADANIPORTS', 'APOLLOHOSP', 'AXISBANK', 'BAJAJ-AUTO', 'BAJAJFINSV', 'BAJFINANCE', 'BHARTIARTL', 'BPCL', 'CIPLA', 'COALINDIA', 'DIVISLAB', 'DRREDDY', 'EICHERMOT', 'HDFCBANK', 'HDFCLIFE', 'HEROMOTOCO', 'HINDALCO', 'ICICIBANK', 'INDUSINDBK', 'ITC', 'JSWSTEEL', 'KOTAKBANK', 'MARUTI', 'NTPC', 'ONGC', 'POWERGRID', 'RELIANCE', 'SBILIFE', 'SBIN', 'SHRIRAMFIN', 'TATACONSUM', 'TATAMOTORS', 'TATASTEEL', 'TCS', 'ULTRACEMCO']",-0.003515987992185941,1.1156322570423278,1.062509712613766
2025-03-30,-0.014602393314026416,-0.011277449367405575,"['ADANIPORTS', 'APOLLOHOSP', 'AXISBANK', 'BAJAJFINSV', 'BAJFINANCE', 'BHARTIARTL', 'BPCL', 'CIPLA', 'COALINDIA', 'DIVISLAB', 'DRREDDY', 'EICHERMOT', 'HDFCBANK', 'HDFCLIFE', 'HEROMOTOCO', 'HINDALCO', 'ICICIBANK', 'INDUSINDBK', 'ITC', 'JSWSTEEL', 'KOTAKBANK', 'MARUTI', 'NTPC', 'ONGC', 'POWERGRID', 'RELIANCE', 'SBILIFE', 'SBIN', 'SHRIRAMFIN', 'TATACONSUM', 'TATASTEEL', 'TCS', 'ULTRACEMCO', 'WIPRO']",-0.003324943946620841,1.0993413560311807,1.0505273131273876
2025-04-06,0.03646985563378671,0.030094902156469802,"['ADANIPORTS', 'APOLLOHOSP', 'AXISBANK', 'BAJAJFINSV', 'BAJFINANCE', 'BHARTIARTL', 'BPCL', 'CIPLA', 'COALINDIA', 'DIVISLAB', 'DRREDDY', 'EICHERMOT', 'HDFCBANK', 'HDFCLIFE', 'HEROMOTOCO', 'HINDALCO', 'ICICIBANK', 'ITC', 'JSWSTEEL', 'KOTAKBANK', 'MARUTI', 'NTPC', 'POWERGRID', 'RELIANCE', 'SBIN', 'SHRIRAMFIN', 'TATACONSUM', 'TCS', 'ULTRACEMCO', 'WIPRO']",0.006374953477316911,1.1394341765778893,1.0821428298286555
2025-04-13,0.017323397861360595,0.0224231506826148,"['ADANIPORTS', 'APOLLOHOSP', 'ASIANPAINT', 'AXISBANK', 'BAJAJFINSV', 'BAJFINANCE', 'BHARTIARTL', 'BPCL', 'CIPLA', 'COALINDIA', 'DIVISLAB', 'DRREDDY', 'EICHERMOT', 'HDFCBANK', 'HEROMOTOCO', 'HINDALCO', 'ICICIBANK', 'ITC', 'JSWSTEEL', 'KOTAKBANK', 'MARUTI', 'NTPC', 'POWERGRID', 'RELIANCE', 'SBIN', 'SHRIRAMFIN', 'TATACONSUM', 'TCS', 'TITAN', 'ULTRACEMCO', 'WIPRO']",-0.005099752821254206,1.1591730481555798,1.1064078815620144
2025-04-20,-0.008147003677719684,-0.0035730239966995573,"['ADANIPORTS', 'APOLLOHOSP', 'ASIANPAINT', 'AXISBANK', 'BAJAJFINSV', 'BAJFINANCE', 'BHARTIARTL', 'BPCL', 'CIPLA', 'COALINDIA', 'DIVISLAB', 'DRREDDY', 'EICHERMOT', 'HCLTECH', 'HDFCBANK', 'HEROMOTOCO', 'HINDALCO', 'ICICIBANK', 'ITC', 'JSWSTEEL', 'KOTAKBANK', 'MARUTI', 'NTPC', 'POWERGRID', 'RELIANCE', 'SBIN', 'SHRIRAMFIN', 'TATACONSUM', 'TCS', 'TITAN', 'ULTRACEMCO', 'WIPRO']",-0.004573979681020126,1.1497292610691427,1.1024546596510558
2025-04-27,-0.012981305343070777,0.0007480616869104137,"['APOLLOHOSP', 'ASIANPAINT', 'AXISBANK', 'BAJAJFINSV', 'BAJFINANCE', 'BHARTIARTL', 'BPCL', 'CIPLA', 'COALINDIA', 'DIVISLAB', 'DRREDDY', 'EICHERMOT', 'HCLTECH', 'HDFCBANK', 'HEROMOTOCO', 'HINDALCO', 'ICICIBANK', 'ITC', 'JSWSTEEL', 'KOTAKBANK', 'MARUTI', 'NTPC', 'POWERGRID', 'RELIANCE', 'SBIN', 'SHRIRAMFIN', 'TATACONSUM', 'TATAMOTORS', 'TCS', 'TITAN', 'ULTRACEMCO', 'WIPRO']",-0.01372936702998119,1.1348042744693412,1.1032793637434968
2025-05-04,-0.018357103477190433,-0.018525309864358415,"['ASIANPAINT', 'AXISBANK', 'BAJAJFINSV', 'BAJFINANCE', 'BHARTIARTL', 'BPCL', 'CIPLA', 'COALINDIA', 'DIVISLAB', 'DRREDDY', 'EICHERMOT', 'HCLTECH', 'HDFCBANK', 'HEROMOTOCO', 'HINDALCO', 'ICICIBANK', 'INFY', 'ITC', 'MARUTI', 'NTPC', 'POWERGRID', 'RELIANCE', 'SBIN', 'SHRIRAMFIN', 'TATACONSUM', 'TATAMOTORS', 'TCS', 'TECHM', 'ULTRACEMCO', 'WIPRO']",0.0001682063871679823,1.1139725549765496,1.0828407716631963
2025-05-11,0.007186503690572819,0.00381555507111028,"['AXISBANK', 'BAJAJFINSV', 'BAJFINANCE', 'BHARTIARTL', 'BPCL', 'BRITANNIA', 'CIPLA', 'COALINDIA', 'DIVISLAB', 'DRREDDY', 'EICHERMOT', 'HCLTECH', 'HDFCBANK', 'HEROMOTOCO', 'HINDALCO', 'ICICIBANK', 'INFY', 'ITC', 'MARUTI', 'NTPC', 'POWERGRID', 'RELIANCE', 'SBIN', 'SHRIRAMFIN', 'TATAMOTORS', 'TCS', 'TECHM', 'ULTRACEMCO', 'WIPRO']",0.003370948619462539,1.1219781228540853,1.0869724102607208
2025-05-18,-0.0069698730446131904,-0.0037000266988827966,"['AXISBANK', 'BAJAJFINSV', 'BAJFINANCE', 'BHARTIARTL', 'BPCL', 'BRITANNIA', 'CIPLA', 'COALINDIA', 'DIVISLAB', 'DRREDDY', 'EICHERMOT', 'HCLTECH', 'HDFCBANK', 'HEROMOTOCO', 'HINDALCO', 'ICICIBANK', 'INFY', 'ITC', 'LTIM', 'MARUTI', 'NTPC', 'POWERGRID', 'RELIANCE', 'SBIN', 'SHRIRAMFIN', 'TCS', 'TECHM', 'TITAN', 'ULTRACEMCO', 'WIPRO']",-0.003269846345730394,1.1141580777789588,1.0829505833218072
2025-05-25,-0.014863161023683524,-0.010017585909523383,"['AXISBANK', 'BAJAJFINSV', 'BAJFINANCE', 'BHARTIARTL', 'BPCL', 'BRITANNIA', 'CIPLA', 'COALINDIA', 'DIVISLAB', 'DRREDDY', 'EICHERMOT', 'HCLTECH', 'HDFCBANK', 'HEROMOTOCO', 'HINDALCO', 'ICICIBANK', 'INFY', 'ITC', 'LTIM', 'MARUTI', 'NTPC', 'POWERGRID', 'RELIANCE', 'SBIN', 'SHRIRAMFIN', 'TATASTEEL', 'TCS', 'TECHM', 'TITAN', 'ULTRACEMCO', 'WIPRO']",-0.004845575114160141,1.0975981668630923,1.0721020328176125
